{
    "01SpatialSetup": {
        "SWAT": {
            "rasters": true, 
            "river_path": "E:/NEWMODEL/Model/Watershed/Shapes/riv1.shp", 
            "copy": true, 
            "sub_path": "E:/NEWMODEL/Model/Watershed/Shapes/subs1.shp", 
            "gridsize": 25.0, 
            "hru_path": "E:/NEWMODEL/Model/Watershed/Shapes/hru1.shp"
        }, 
        "p_txtinout": "E:\\NEWMODEL\\Model\\Scenarios\\Default\\TxtInOut", 
        "Modflow": {
            "raster": true, 
            "gridsize": 175
        }, 
        "SwatModflow": {
            "rasters": true, 
            "gridsize": 25.0, 
            "write_linkagefiles": false, 
            "river_grid": false, 
            "hru_dhru": false, 
            "dhru_grid": false, 
            "grid_dhru": false
        }
    }, 
    "02Modflow": {
        "AquiferThickness": {
            "path": null, 
            "copy": false, 
            "value": 10.0
        }, 
        "modflowinput": true, 
        "SpecificStorage": {
            "path": null, 
            "copy": false, 
            "value": 5.0
        }, 
        "SpecificYield": {
            "path": null, 
            "copy": false, 
            "value": 5.0
        }, 
        "ratiokk": 0.1, 
        "DEM": {
            "path": "C:/Users/u1104091/Desktop/DEMboundry/New Folder/JohnstoneDEM1.tif", 
            "copy": true, 
            "value": null
        }, 
        "write_mf_input": true, 
        "InitialHydraulicHead": {
            "path": null, 
            "copy": false, 
            "value": 2.0
        }, 
        "condriv": 0.1, 
        "HydraulicConductivity": {
            "path": null, 
            "copy": false, 
            "value": 5.0
        }
    }, 
    "04Simulation": {
        "Time": {
            "StartingDate": [
                2001, 
                1, 
                1
            ], 
            "EndingDate": [
                2014, 
                12, 
                31
            ]
        }, 
        "Printout": {
            "nyskip": 6, 
            "tstep": "Daily"
        }, 
        "ModflowTstep": {
            "default": true, 
            "tstep": 1
        }, 
        "input": true, 
        "Output": {
            "ChannelDepth": true, 
            "StageMODFLOWRiverCell": true, 
            "obstable": null, 
            "ExchangeMODFLOWRiverCell": true, 
            "Percolation": true, 
            "ExchangeSWATSubbasin": true, 
            "Recharge": true
        }, 
        "write_input": true, 
        "RT3D": {
            "RT3DOutputFrequency": false, 
            "RunRT3DwithMODFLOW": false
        }
    }, 
    "03Rt3d": {
        "rt3dinput": true, 
        "write_rt3d_input": true, 
        "LongitudinalDispersivity": {
            "path": null, 
            "copy": false, 
            "value": 2.0
        }, 
        "ratiotl": 0.1, 
        "Porosity": {
            "path": null, 
            "copy": false, 
            "value": 1.0
        }, 
        "rt3dactive": true, 
        "DenitrificationRateConstant": {
            "path": null, 
            "copy": false, 
            "value": 0.05
        }
    }
}